{
  "q05": -0.134852,
  "q95": 0.325461
}